true_final,prod_id,cond_avg,cond_avg_error,uncond_boot,uncond_boot_error,mileyearmodelstart_boot,mileyearmodelstart_boot_error,mileyearbrand_boot,mileyearbrand_boot_error,brand_boot,brand_boot_error,mileyearmodel_boot,mileyearmodel_boot_error,model_boot,model_boot_error,mileyear_boot,mileyear_boot_error,timesep_boot,timesep_boot_error,noncar_boot,noncar_boot_error,noncar_cond_avg,noncar_cond_avg_error
510.0,111160259220,2363.5155555555557,3.634344226579521,5194.021999999999,9.184356862745096,2390.3300000000004,3.6869215686274517,2071.030100000001,3.060843333333335,9266.788,17.170172549019608,2441.3360000000002,3.7869333333333337,5360.015,9.509833333333335,2459.1549999999997,3.8218725490196075,2037.0169999999998,2.9941509803921567,1846.173,2.6199470588235294,2363.5155555555557,3.634344226579521
1625.0,111164399349,2937.0,0.8073846153846154,9351.59,4.754824615384615,5157.021999999999,2.1735519999999995,4755.7568999999985,1.9266196307692298,9464.617,4.8243796923076925,3175.712,0.9542843076923077,6421.886,2.9519298461538463,3452.3990000000003,1.124553230769231,4321.088000000001,1.6591310769230774,4230.322999999999,1.6032756923076918,2937.0,0.8073846153846154
17001.0,111176317019,11671.712857142857,0.31346903963632394,24078.472999999998,0.41629745309099453,19573.552000000003,0.1513176871948711,18403.727199999998,0.08250851126404314,18366.434,0.08031492265160879,17866.959,0.05093576848420675,17408.54,0.023971531086406733,25262.42,0.4859372978060113,16673.452,-0.019266396094347323,16501.617000000002,-0.029373742721016293,11671.712857142857,0.31346903963632394
3600.0,111215849470,1866.9,0.48141666666666666,12623.850999999999,2.5066252777777773,3837.8560000000007,0.0660711111111113,4036.1740999999984,0.12115947222222177,9432.055,1.6200152777777779,3856.8,0.07133333333333339,15145.835000000001,3.207176388888889,3589.811,0.0028302777777777363,4919.199,0.36644416666666657,4087.3289999999993,0.13536916666666646,1866.9,0.48141666666666666
9000.0,121186142511,25712.333333333332,1.8569259259259259,7598.706,0.15569933333333333,32200.212,2.5778013333333334,13123.021799999995,0.45811353333333277,7061.372,0.21540311111111107,12320.517,0.3689463333333333,10564.489,0.17383211111111108,11713.206,0.30146733333333336,28446.207000000002,2.160689666666667,9183.515,0.02039055555555549,25712.333333333332,1.8569259259259259
13000.0,121205723985,5200.658666666667,0.5999493333333333,13869.395999999999,0.0668766153846153,6963.615,0.4643373076923077,8706.995899999998,0.33023108461538475,10823.244000000002,0.16744276923076903,7964.028,0.3873824615384615,17447.21,0.34209307692307683,8008.365000000001,0.383971923076923,7179.342,-0.4477429230769231,8196.353,-0.3695113076923078,5200.658666666667,0.5999493333333333
4671.0,121206481062,4545.0,0.02697495183044316,4014.3599999999997,0.140578034682081,2958.197,0.36668871761935345,2667.9141,0.4288344894026975,4945.962000000001,0.058865767501605944,2774.0429999999997,0.4061136801541427,4736.284000000001,0.013976450438878305,2776.193,0.4056533932776707,4050.982000000001,-0.1327377435238705,2654.0369999999994,-0.43180539499036624,4545.0,0.02697495183044316
5995.0,131012240910,6300.0,0.05087572977481234,8774.829000000002,0.46369124270225215,6300.0,0.05087572977481234,4819.308499999998,0.19611201000834058,8950.108999999999,0.4929289407839864,5654.801,0.05674712260216841,9903.917,0.6520295246038365,8261.718,0.37810141784820694,6300.0,0.05087572977481234,5331.521999999999,-0.11067189324437048,6300.0,0.05087572977481234
10600.0,131015955294,17625.0,0.6627358490566038,17125.199,0.6155848113207548,20785.0,0.9608490566037736,18548.3349,0.7498429150943398,10068.181,0.05017160377358486,22592.483,1.131366320754717,13206.271000000002,0.24587462264150967,14890.708000000002,0.40478377358490586,18209.6,0.71788679245283,18346.81,0.7308311320754718,17625.0,0.6627358490566038
29015.0,131047494909,21482.090909090908,0.2596211990663137,6976.181,0.7595663966913665,25404.256,0.12444404618300875,21570.2622,0.25658238152679647,7525.969,0.7406179906944683,21511.137,0.2586201275202482,7064.079,0.7565369981044289,18754.405000000002,0.3536307082543511,28112.447999999997,-0.031106393244873454,24986.396,-0.13884556264001377,21482.090909090908,0.2596211990663137
5102.0,131057883966,12799.282727272726,1.5086794839813262,7207.684000000001,0.41271736573892615,15012.439000000002,1.94246158369267,12441.180099999998,1.4384908075264597,9918.748000000001,0.944090160721286,9426.088,0.8475280282242258,8077.622,0.5832265778126225,12556.78,1.4611485691885537,28334.913,4.55368737749902,19465.265999999996,2.8152226577812614,12799.282727272726,1.5086794839813262
6400.0,141064324656,7406.505,0.15726640625000002,9036.848,0.41200749999999997,8465.126999999999,0.3226760937499998,8288.107600000003,0.29501681250000045,13743.087,1.14735734375,6272.6,0.019906249999999945,9819.624,0.5343162499999999,6790.443000000001,0.061006718750000175,8023.065,0.25360390624999996,7535.456,0.17741500000000002,7406.505,0.15726640625000002
6900.0,141126489632,16437.5,1.3822463768115942,6599.157000000001,0.04360043478260854,12598.338,0.8258460869565217,14651.622699999996,1.1234235797101444,9335.322,0.35294521739130436,19148.355,1.7751239130434782,11760.287,0.7043894202898551,6654.745999999999,0.03554405797101461,19491.987,1.8249256521739132,15424.738000000001,1.235469275362319,16437.5,1.3822463768115942
36500.0,151126402290,26375.214285714286,0.2773913894324853,39256.129,0.07551038356164386,44940.391,0.231243589041096,45906.7199,0.25771835342465743,41242.168,0.12992241095890406,41723.101,0.14309865753424664,39160.632999999994,0.0728940547945204,38335.486,0.0502872876712328,49128.398,0.3459835068493151,47727.728,0.30760898630136996,26375.214285714286,0.2773913894324853
3051.0,151130924762,1408.8316666666667,0.5382393750682836,7994.673000000001,1.6203451327433631,2144.0180000000005,0.2972736807604063,3050.5813999999996,0.0001372009177320302,6173.396000000001,1.0234008521796134,3129.647,0.025777450016388048,3988.429000000001,0.3072530317928551,3440.968,0.1278164536217633,2461.49,-0.1932186168469355,3294.8779999999997,0.07993379219927883,1408.8316666666667,0.5382393750682836
14344.0,151158245942,13053.727272727272,0.08995208639659286,11579.019,0.19276220022308976,11828.2,0.17539040713887336,10991.465200000004,0.2337238427216952,7091.3139999999985,0.5056250697155606,11473.693000000003,0.20010506134969305,9208.057,0.3580551450083658,13172.770999999999,0.08165288622420533,11105.2,-0.22579475738984936,12298.708,-0.14258867819297263,13053.727272727272,0.08995208639659286
390.0,161107168351,800.0,1.0512820512820513,12011.05,29.7975641025641,1113.95,1.8562820512820515,3013.8125,6.727724358974359,10768.648,26.611917948717945,3700.275,8.487884615384615,5981.9839999999995,14.33842051282051,5434.407999999999,12.934379487179486,803.1,1.0592307692307692,3562.575,8.134807692307692,800.0,1.0512820512820513
2750.0,161115162944,2386.9579999999996,0.13201527272727287,3935.464,0.4310778181818182,1281.135,0.5341327272727273,1580.0872,0.42542283636363637,2712.837,0.013513818181818186,1443.8979999999997,0.47494618181818193,2255.3399999999997,0.17987636363636375,1442.9869999999999,0.4752774545454546,1195.506,-0.5652705454545455,1910.825,-0.30515454545454546,2386.9579999999996,0.13201527272727287
1100.0,161128942353,7742.835,6.038940909090909,11521.316,9.473923636363637,10607.686,8.643350909090909,5937.482000000001,4.39771090909091,7860.414,6.1458309090909085,7696.1539999999995,5.996503636363636,8396.257000000001,6.632960909090911,4809.4980000000005,3.3722709090909095,12625.783999999998,10.477985454545452,5443.814,3.9489218181818186,7742.835,6.038940909090909
7999.99,161130541250,7544.111111111111,0.05698493234227649,9189.106,0.14863968579960726,7510.489,0.061187701484626884,6279.259499999995,0.21509158136447734,12462.688999999998,0.5578380722975902,6283.833,0.21451989314986647,17948.369,1.2435489294361617,5712.1799999999985,0.28597660747075954,5406.1939999999995,-0.3242249052811316,6044.975,-0.24437718047147552,7544.111111111111,0.05698493234227649
14700.0,161153533423,25233.6,0.7165714285714285,7971.137000000001,0.4577457823129251,22237.704000000005,0.5127689795918371,23754.69989999999,0.615965979591836,12481.512,0.15091755102040813,24670.25,0.6782482993197279,10463.385999999999,0.28820503401360553,21235.069,0.44456251700680266,27677.976000000002,0.8828555102040818,22903.753000000004,0.5580784353741499,25233.6,0.7165714285714285
4850.0,171139281878,17274.331894736843,2.561717916440586,11295.758000000002,1.3290222680412374,19021.712999999996,2.9220026804123704,16421.708599999998,2.3859192989690716,10061.236,1.0744816494845362,16071.534,2.313718350515464,14587.017000000002,2.007632371134021,20026.957000000002,3.129269484536083,18276.260000000002,2.7683010309278355,19444.845999999998,3.009246597938144,18670.264117647057,2.8495389933292903
2425.0,171150062139,1141.1979999999999,0.5294028865979382,7722.999000000002,2.184741855670104,2114.4379999999996,0.1280668041237115,2493.3390000000004,0.028181030927835214,7179.014999999999,1.9604185567010306,1917.145,0.20942474226804125,7011.033,1.8911476288659794,2979.309,0.22858103092783513,2066.8779999999997,-0.14767917525773208,2191.898,-0.09612453608247416,1141.1979999999999,0.5294028865979382
10703.5,171161406975,25600.5,1.3917877329845378,7225.235000000001,0.32496519829962156,29851.199,1.7889194188816742,25896.608399999994,1.4194523660484881,11270.850000000002,0.05300602606624022,25678.167,1.399043957583968,13047.422,0.21898649974307474,19895.222,0.8587585369271735,26240.694999999996,1.4515994768066516,23388.693,1.1851443920213014,25600.5,1.3917877329845378
6500.0,171164312665,3092.7981250000003,0.5241849038461538,10209.983000000002,0.5707666153846157,4210.456,0.35223753846153844,2628.5065000000004,0.5956143846153845,6487.003,0.0019995384615385074,2473.098,0.6195233846153846,5847.213,0.10042876923076927,3189.358,0.5093295384615384,4107.342999999999,-0.3681010769230771,2866.1160000000004,-0.5590590769230769,3092.7981250000003,0.5241849038461538
1375.88,171171583993,2883.235294117647,1.095557239088908,8976.432,5.5241387330290435,3753.3840000000005,1.7279879059220282,3690.2824999999984,1.682125258016686,8748.404999999999,5.358406983167136,3715.765000000001,1.7006461319301105,9578.768,5.961921097770153,3165.1049999999996,1.300422275198418,5283.405000000001,2.8400187516353173,3627.5600000000004,1.636538070180539,2883.235294117647,1.095557239088908
12322.22,171172470891,19601.07,0.5907093040052849,3378.0619999999994,0.7258560551588918,5146.699,0.5823237208879569,5636.9045,0.5425414819732158,3632.374,0.7052175663151607,4498.688,0.634912540110467,5487.675,0.5546520837965886,4122.485,0.6654429964730382,23295.12,0.8904970045981975,5484.383,-0.554919243448015,19601.07,0.5907093040052849
2125.0,181209769419,2946.198,0.3864461176470588,7391.592,2.4783962352941176,3400.881,0.600414588235294,4028.3293999999987,0.8956844235294111,5329.0199999999995,1.5077741176470587,4238.6,0.9946352941176473,3350.9120000000003,0.5768997647058824,2476.2,0.16527058823529403,3806.05,0.7910823529411766,4475.691000000001,1.106207529411765,2946.198,0.3864461176470588
5500.0,181214627605,10140.612222222224,0.843747676767677,7936.196999999998,0.4429449090909088,9428.05,0.714190909090909,10294.983900000003,0.871815254545455,7287.520000000001,0.3250036363636366,9051.163,0.6456660000000001,9922.697,0.8041267272727273,10620.437,0.9309885454545455,9666.958,0.7576287272727273,7735.185,0.4063972727272728,11798.704714285715,1.1452190389610393
15000.0,181234199610,23115.62625,0.5410417500000001,6888.686,0.5407542666666667,24594.184999999998,0.6396123333333332,29277.7813,0.9518520866666665,6255.322000000001,0.5829785333333333,27611.915,0.8407943333333334,7162.555,0.5224963333333333,12669.982,0.15533453333333333,18399.053000000004,0.22660353333333358,23939.606999999996,0.5959737999999998,23115.62625,0.5410417500000001
22500.0,181259890634,10491.432499999999,0.5337141111111111,7051.853,0.6865843111111112,17114.613999999994,0.23935048888888916,11210.3574,0.5017618933333333,8099.514,0.6400216000000001,21384.939,0.04955826666666673,6129.687000000001,0.7275694666666666,9898.219000000001,0.5600791555555555,14255.229000000001,-0.3664342666666666,18111.522999999997,-0.19504342222222235,10491.432499999999,0.5337141111111111
10500.0,181266323581,12300.0,0.17142857142857143,6776.323000000001,0.35463590476190465,11691.194000000001,0.11344704761904774,13355.2164,0.27192537142857137,7298.834,0.3048729523809524,11772.604,0.12120038095238089,8135.681000000001,0.22517323809523795,11388.931,0.08466009523809528,11365.443,0.08242314285714279,12017.631,0.14453628571428564,12300.0,0.17142857142857143
10300.0,190908125650,6008.453750000001,0.4166549757281553,6521.186,0.366875145631068,6917.283,0.3284191262135922,4800.981299999999,0.5338853106796118,8196.880000000001,0.20418640776699018,7252.003999999999,0.2959219417475729,8870.595,0.13877718446601947,7057.676999999999,0.31478864077669916,5967.275,-0.42065291262135923,4887.871000000001,-0.525449417475728,6008.453750000001,0.4166549757281553
23299.0,190971846668,22637.75,0.028381046396841067,7371.777,0.6836011416799004,22661.264,0.02737181853298428,16500.5934,0.2917896304562427,11945.922999999999,0.4872774367998627,21982.863,0.05648899094381728,13108.431000000002,0.4373822481651572,11005.77,0.5276290827932529,27463.764000000003,0.17875290785012243,23658.382999999998,0.015424825099789605,22637.75,0.028381046396841067
5302.02,200963216626,3655.0,0.3106400956616535,6303.995000000001,0.18897986050599588,2036.3880000000001,0.6159222334129257,2315.3298999999997,0.5633117377905026,3654.067,0.31081606632943676,1808.6,0.6588847269531236,3935.803,0.2576785828797327,4201.848,0.20750053753097883,2048.6,-0.6136189603207834,2251.254,-0.5753969241911574,3655.0,0.3106400956616535
3000.0,200966016392,2288.6515,0.23711616666666668,9165.619999999999,2.0552066666666664,4016.078,0.33869266666666664,2136.9029,0.2876990333333333,5869.804999999999,0.9566016666666665,2147.035,0.2843216666666667,8085.2660000000005,1.695088666666667,1976.5099999999998,0.34116333333333343,4887.275,0.6290916666666665,2109.091,-0.2969696666666667,2288.6515,0.23711616666666668
2100.0,200967237294,3961.0,0.8861904761904762,8137.609000000001,2.8750519047619054,4424.25,1.1067857142857143,3208.4201000000003,0.5278190952380953,8018.696000000001,2.818426666666667,4274.397,1.0354271428571429,12087.635999999997,4.756017142857141,7198.6990000000005,2.427951904761905,3995.25,0.9025,3030.9919999999997,0.4433295238095237,3961.0,0.8861904761904762
1650.0,200976669145,3559.11,1.1570363636363636,6449.802000000001,2.9089709090909093,5014.24,2.038933333333333,4231.068499999999,1.564283939393939,15127.362000000003,8.168098181818184,4609.567,1.7936769696969697,17292.094,9.480056969696971,7632.887,3.625992121212121,3208.3949999999995,0.9444818181818179,3895.903,1.3611533333333332,3559.11,1.1570363636363636
200.0,200990985306,15840.23076923077,78.20115384615384,3418.611,16.093055,10436.662,51.18331,13011.9599,64.0597995,9630.4,47.152,17030.621999999996,84.15310999999998,7129.298,34.64649,11592.027,56.960135,16518.983,81.594915,11286.197,55.430985,15840.23076923077,78.20115384615384
6907.11,200995640690,10549.746538461539,0.5273749134531721,7693.854000000001,0.11390349943753633,12296.395,0.7802517985090727,10314.1416,0.49326441883798017,9393.361,0.3599553214007018,11313.194,0.6379055784546649,9740.716,0.4102448057146912,9097.232,0.31708225292488473,20974.561999999998,2.036662511527976,12583.075,0.8217568563407852,11275.350416666668,0.6324266468416847
7500.0,221286956760,11200.0,0.49333333333333335,9421.631000000001,0.25621746666666684,13753.642000000003,0.8338189333333338,6876.6933,0.08310756000000001,6587.0960000000005,0.12172053333333327,8317.333,0.10897773333333341,7166.164999999999,0.04451133333333346,10237.761,0.36503480000000005,16428.859,1.1905145333333333,9344.4,0.24591999999999994,12200.0,0.6266666666666667
1200.0,221289817209,5896.293870967742,3.9135782258064515,6121.299,4.1010825,7991.806000000001,5.659838333333335,6433.751,4.361459166666667,8442.397,6.035330833333334,4400.963,2.6674691666666663,11608.173999999999,8.673478333333332,3199.0240000000003,1.6658533333333336,11032.964,8.194136666666667,4572.205,2.8101708333333333,5896.293870967742,3.9135782258064515
4050.0,221292658116,2585.8575,0.36151666666666665,10331.766,1.5510533333333332,1916.5190000000002,0.5267854320987654,4073.0350999999996,0.0056876790123455805,6682.3020000000015,0.6499511111111115,3182.7120000000004,0.21414518518518508,7127.563,0.7598920987654322,5352.852000000001,0.32169185185185206,4304.704000000001,0.06288987654321003,5181.726000000001,0.27943851851851864,2585.8575,0.36151666666666665
8349.0,221292784531,6906.111111111112,0.17282176175456795,11466.588999999998,0.37340867169720904,5893.9400000000005,0.2940543777697927,8569.308299999999,0.02638738771110298,9169.242999999999,0.09824446041442071,9151.703,0.09614361001317517,10758.559,0.2886045035333572,13741.711000000001,0.6459110073062644,11771.774000000001,0.4099621511558272,8757.705,0.048952569169960464,6906.111111111112,0.17282176175456795
5509.0,221293458482,3706.25,0.32723724813940824,4989.072999999999,0.09437774550735172,2063.8,0.6253766563804682,2379.617799999999,0.5680490470139773,6073.203000000001,0.10241477582138343,2410.8420000000006,0.5623811944091486,7713.135000000002,0.4000971138137597,1899.8329999999999,0.655140134325649,2830.6,-0.4861862406970412,1456.773,-0.7355648938101289,3706.25,0.32723724813940824
2750.0,221299280091,1525.0,0.44545454545454544,6211.026,1.258554909090909,1644.2520000000004,0.4020901818181817,1688.749,0.38590945454545456,5492.365,0.9972236363636363,1563.2599999999998,0.43154181818181825,8078.462999999999,1.9376229090909087,2389.8730000000005,0.13095527272727253,1467.355,-0.46641636363636363,1482.292,-0.4609847272727273,1525.0,0.44545454545454544
9600.0,221302044413,9975.0,0.0390625,10130.222,0.05523145833333331,5314.8,0.44637499999999997,7555.044999999996,0.2130161458333337,4183.452,0.56422375,8231.416999999998,0.1425607291666669,4992.481999999999,0.4799497916666668,13793.624000000002,0.4368358333333335,4855.0,-0.4942708333333333,6249.579000000001,-0.34900218749999995,9975.0,0.0390625
2150.0,221303520584,5190.998571428571,1.4144179401993355,6754.435,2.141597674418605,5219.255,1.4275604651162792,4663.703700000001,1.1691645116279075,9796.136,3.5563423255813955,5929.935,1.7581093023255816,6496.416,2.0215888372093023,4428.719999999999,1.0598697674418602,2884.9,0.3418139534883721,4760.387000000001,1.2141334883720933,5190.998571428571,1.4144179401993355
3505.0,221308915596,13800.0,2.9372325249643367,6605.239,0.8845189728958629,18091.039999999997,4.161495007132666,15022.279999999993,3.285957203994292,9333.824,1.6630025677603426,14361.639999999996,3.09747218259629,7161.0380000000005,1.0430921540656206,10503.804,1.9968057061340942,29309.689999999995,7.362251069900141,14180.839999999997,3.045888730385163,13800.0,2.9372325249643367
1450.0,221318636480,6300.0,3.3448275862068964,9031.431,5.2285731034482765,8672.718000000003,4.981184827586208,8790.831199999999,5.062642206896551,6016.727000000001,3.1494668965517247,9212.828,5.3536744827586205,5578.456,2.8472110344827586,7784.99,4.368958620689655,9027.439999999999,5.225820689655172,8443.11,4.822834482758621,6300.0,3.3448275862068964
3151.0,221323501126,6409.634117647059,1.0341587171206152,15912.628,4.050024754046334,12993.154999999999,3.1235020628371943,8310.039100000002,1.6372704220882266,9276.404,1.9439555696604254,7502.785000000001,1.3810806093303716,9576.355,2.03914788955887,6595.511000000001,1.0931485242780075,10577.083999999999,2.356738813075214,6910.206,1.1930199936528088,6409.634117647059,1.0341587171206152
2200.0,231065082295,2386.9579999999996,0.08498090909090893,9084.914,3.129506363636364,1943.9159999999997,0.11640181818181831,2782.7507,0.26488668181818187,4806.859000000001,1.1849359090909097,2931.697,0.3325895454545455,7970.021000000001,2.6227368181818185,2731.9790000000003,0.24180863636363648,2902.963,0.31952863636363643,2562.256,0.1646618181818181,2386.9579999999996,0.08498090909090893
2000.0,251345223550,2999.0338461538463,0.49951692307692314,6612.384,2.306192,4522.033000000001,1.2610165000000007,4337.509300000001,1.1687546500000003,5750.873999999999,1.8754369999999994,5326.83,1.6634149999999999,7233.466,2.616733,5726.53,1.863265,5015.9839999999995,1.5079919999999998,4492.8859999999995,1.2464429999999997,2999.0338461538463,0.49951692307692314
26600.0,251347219849,20745.776666666665,0.22008358395989983,7563.0380000000005,0.7156752631578948,21508.05,0.19142669172932333,19498.015,0.2669919172932331,6840.1990000000005,0.7428496616541354,17616.269,0.33773424812030073,5370.609000000001,0.7980974060150375,19536.923000000003,0.2655292105263157,15934.648000000001,-0.4009530827067669,18084.567000000003,-0.32012906015037584,20745.776666666665,0.22008358395989983
2806.0,251347434351,4963.475658153243,0.7688794220075705,2822.8120000000004,0.005991446899501195,2919.6680000000006,0.04050890947968659,2684.9184999999998,0.04315092658588747,1351.7310000000002,0.5182712045616535,2132.7609999999995,0.23992836778332163,1634.1650000000002,0.41761760513186025,1449.548,0.4834112615823236,3270.579,0.1655662865288668,1890.7490000000003,-0.3261764076977904,4963.475658153243,0.7688794220075705
23000.0,251358930040,5985.0,0.7397826086956522,10340.649000000001,0.5504065652173913,12470.859,0.4577887391304348,16786.377300000004,0.270157508695652,13979.946,0.3921762608695652,16143.167000000001,0.29812317391304344,19669.313,0.14481247826086965,11263.600999999999,0.5102782173913044,9882.738000000001,-0.5703157391304348,15480.909,-0.326917,5985.0,0.7397826086956522
13800.0,251374189182,8370.666666666666,0.3934299516908213,6725.520000000001,0.5126434782608694,6961.578000000001,0.4955378260869564,7170.532799999998,0.4803961739130436,4933.624,0.6424910144927536,6274.548,0.5453226086956522,7218.081000000001,0.47695065217391297,6698.455000000002,0.5146047101449274,8777.313,-0.3639628260869565,3945.6699999999996,-0.714081884057971,8267.0,0.40094202898550724
6550.0,251374786383,10825.0,0.6526717557251909,12005.175,0.8328511450381678,6625.853999999999,0.011580763358778529,9346.0338,0.42687538931297697,14547.586000000001,1.2210054961832062,9602.376,0.46601160305343514,19324.176999999996,1.9502560305343506,8008.795000000001,0.22271679389312993,6609.740000000001,0.009120610687023006,9057.659,0.3828487022900763,10825.0,0.6526717557251909
15100.0,251374825894,19827.78,0.31309801324503306,8807.296,0.41673536423841057,16296.517000000002,0.07923953642384117,21903.394600000018,0.4505559337748356,34898.203,1.3111392715231789,21584.039,0.4294065562913908,30418.401,1.014463642384106,5728.326000000001,0.6206406622516556,16574.595000000005,0.09765529801324535,19262.722,0.2756769536423842,19827.78,0.31309801324503306
24000.0,251382679328,35822.0,0.4925833333333333,15528.179,0.35299254166666666,30377.208999999995,0.2657170416666665,36874.936400000006,0.5364556833333336,20969.326999999997,0.12627804166666676,42551.072,0.7729613333333334,21970.163,0.08457654166666664,36454.84300000001,0.518951791666667,21069.609,-0.12209962499999999,39237.958,0.6349149166666667,35822.0,0.4925833333333333
11700.0,261296869457,6409.634117647059,0.45216802413273005,8954.55,0.2346538461538462,7466.69,0.36182136752136757,5807.8423999999995,0.5036032136752138,8053.610000000001,0.3116572649572649,5514.285999999999,0.5286935042735044,9844.082999999999,0.15862538461538472,5403.625,0.5381517094017094,8043.099,-0.312555641025641,7231.556,-0.38191829059829063,6409.634117647059,0.45216802413273005
10500.0,261319556589,6364.428571428572,0.3938639455782313,7616.626999999999,0.2746069523809525,8651.985,0.1760014285714285,7910.684299999999,0.24660149523809533,6825.676000000001,0.34993561904761894,9967.014,0.0507605714285715,6568.439000000001,0.37443438095238085,8552.715,0.18545571428571428,13433.033000000001,0.2793364761904763,10752.832999999999,0.024079333333333213,6364.428571428572,0.3938639455782313
1225.0,261321186712,1933.50375,0.5783704081632653,6433.308999999999,4.25168081632653,2149.4399999999996,0.7546448979591833,3826.8726,2.1239776326530615,7675.864,5.266011428571428,3698.6409999999996,2.0192987755102036,11966.594000000001,8.768648163265308,2684.7410000000004,1.1916253061224493,2061.4,0.6827755102040817,4663.079,2.806595102040816,1933.50375,0.5783704081632653
1225.0,271275742500,4165.225,2.400183673469388,9832.741,7.026727346938776,5263.89,3.29705306122449,3772.710899999999,2.0797639999999995,5065.397000000001,3.135017959183674,4080.0030000000006,2.3306146938775516,4930.097,3.0245689795918365,6037.217,3.928340408163265,5413.195999999999,3.418935510204081,4365.427,2.56361387755102,4165.225,2.400183673469388
21500.0,271286996655,30749.90434782609,0.4302281092012135,9390.5,0.5632325581395349,42559.742000000006,0.9795228837209305,28124.50970000001,0.3081167302325586,8723.918999999998,0.5942363255813954,18540.525,0.13764999999999994,9399.111,0.5628320465116279,16341.606,0.2399253023255814,27195.824,0.26492204651162793,19376.787999999997,-0.09875404651162806,30749.90434782609,0.4302281092012135
2300.0,271288130303,4509.112,0.9604834782608695,6049.1849999999995,1.6300804347826086,5831.687999999999,1.53551652173913,4109.174599999999,0.7865976521739128,12541.713,4.452918695652174,5148.501999999999,1.238479130434782,7461.45,2.244108695652174,3494.971,0.5195526086956522,7879.244000000001,2.4257582608695656,6418.448,1.7906295652173914,4509.112,0.9604834782608695
4150.0,271288516442,2110.0,0.491566265060241,6730.5869999999995,0.6218281927710843,3692.112,0.11033445783132528,3933.891700000001,0.052074289156626256,3640.9319999999993,0.12266698795180739,4206.101000000001,0.013518313253012185,4120.993,0.006989638554216773,9546.321,1.300318313253012,4275.603,0.030265783132530137,3977.0960000000005,-0.04166361445783121,2110.0,0.491566265060241
5955.0,271300428599,8374.4,0.4062804366078925,12961.541,1.1765811922753986,8542.018,0.4344278757346767,13840.6639,1.3242088832913517,15041.664999999999,1.5258883291351804,12528.33,1.1038337531486146,15999.517000000002,1.6867366918555837,13225.524,1.220910831234257,8826.939000000002,0.48227355163728,17251.329,1.896948614609572,9608.333333333334,0.6134900643716765
23700.0,271334748259,4409.75,0.8139345991561181,8804.787999999999,0.6284899578059072,2711.7,0.8855822784810127,4379.809,0.8151979324894514,7398.126999999999,0.6878427426160338,6133.18,0.7412160337552742,5818.849,0.7544789451476792,6177.358,0.7393519831223628,10283.1,-0.5661139240506329,2304.0060000000003,-0.9027845569620253,4409.75,0.8139345991561181
17500.0,281167615592,5175.0,0.7042857142857143,22679.662999999997,0.29598074285714265,19612.5,0.12071428571428572,20865.882199999996,0.19233612571428552,23623.987999999994,0.3499421714285711,20100.048,0.14857417142857135,22513.496999999996,0.2864855428571426,25771.145,0.4726368571428572,19935.0,0.13914285714285715,20181.698,0.15323988571428573,5175.0,0.7042857142857143
12100.0,281175999173,6223.287500000001,0.48567871900826437,10412.981,0.13942305785123968,8051.154,0.3346153719008264,7327.8987,0.39438853719008266,8439.847,0.3024919834710744,5251.9490000000005,0.5659546280991735,7886.745999999999,0.3482028099173554,7491.210000000001,0.38089173553719,9161.333,-0.242865041322314,8412.252999999999,-0.30477247933884305,6223.287500000001,0.48567871900826437
5900.0,281192719765,5896.293870967742,0.000628157463094594,9100.623,0.5424784745762711,6540.207,0.10850966101694921,6227.722700000001,0.05554622033898325,12115.95,1.0535508474576272,5294.692,0.10259457627118644,8278.683,0.4031666101694917,6170.47,0.045842372881355974,10532.907,0.785238474576271,6563.466,0.11245186440677972,5896.293870967742,0.000628157463094594
10000.0,281199704368,8472.333214285714,0.15276667857142856,7966.178,0.2033822,15048.73,0.5048729999999999,11244.454799999998,0.12444547999999978,13832.539,0.3832539000000001,9014.940999999999,0.0985059000000001,11495.713,0.14957129999999996,9736.069,0.026393100000000048,13720.068,0.3720067999999999,12053.321999999998,0.20533219999999983,10125.015714285715,0.012501571428571515
16301.0,281209468145,32563.23153846154,0.9976217126839788,7118.9169999999995,0.5632834181952028,42700.608,1.6195084964112632,12164.591799999993,0.25375180663763003,7365.719,0.5481431200539844,29379.354,0.8023037850438623,14277.053999999998,0.12416084902766712,15213.368000000002,0.0667217962088214,20114.363,0.23393429850929398,16862.083,0.034420158272498544,32563.23153846154,0.9976217126839788
3151.0,290974653747,6008.453750000001,0.9068402887972075,7299.569000000001,1.3165880672802288,8829.725999999999,1.8021980323706757,6188.1242,0.9638604252618217,9979.337,2.167038083148207,4354.947,0.3820841002856237,9893.564999999999,2.139817518248175,8799.725,1.7926769279593782,7671.045999999999,1.434479847667407,5465.79,0.7346207553157728,6008.453750000001,0.9068402887972075
3550.0,290979803444,6167.591666666667,0.737349765258216,6704.2829999999985,0.8885304225352109,2622.295,0.26132535211267605,3067.880699999999,0.1358082535211271,6260.721,0.76358338028169,2036.5099999999998,0.4263352112676057,7281.734999999999,1.0511929577464785,10516.395999999999,1.9623650704225348,3312.897,-0.06678957746478875,1784.545,-0.49731126760563377,6167.591666666667,0.737349765258216
15100.0,290987572601,15840.23076923077,0.04902190524707083,6331.367,0.5807041721854305,20875.163,0.3824611258278146,17412.441300000002,0.15314180794702,9630.23,0.36223642384105964,19376.081,0.28318417218543035,10195.896999999999,0.3247750331125828,12518.330000000002,0.17097152317880784,25196.865999999998,0.6686666225165562,15345.938999999998,0.016287350993377383,15840.23076923077,0.04902190524707083
9100.0,291001473070,6225.998888888888,0.315824297924298,15310.439999999999,0.6824659340659339,7429.865999999999,0.1835312087912089,9325.126999999997,0.024739230769230413,12806.626999999999,0.4073216483516482,8820.760999999999,0.030685604395604547,15267.385,0.6777346153846154,8618.192,0.05294593406593417,6340.5,-0.30324175824175825,10484.356,0.15212703296703295,6225.998888888888,0.315824297924298
2075.0,291005301379,3982.195999999999,0.9191306024096381,7748.077999999999,2.734013493975903,7857.299000000001,2.7866501204819283,4188.716400000001,1.018658506024097,8100.8369999999995,2.904017831325301,5897.198999999999,1.8420236144578308,5466.294,1.6343585542168675,6069.406999999999,1.9250154216867466,6315.807000000001,2.0437624096385547,3281.3899999999994,0.5813927710843371,3982.195999999999,0.9191306024096381
1700.0,291015570570,2925.0,0.7205882352941176,8779.323999999999,4.164308235294117,5901.55,2.4715000000000003,7660.965900000001,3.506450529411765,12319.771,6.246924117647059,9200.880000000001,4.412282352941177,11545.82,5.791658823529412,7251.791,3.265759411764706,6572.975,2.8664558823529416,6922.770999999999,3.072218235294117,2925.0,0.7205882352941176
38100.0,300991014385,18103.134000000002,0.5248521259842519,10472.228,0.7251383727034121,12552.894,0.6705277165354331,18630.0434,0.5110224829396326,8512.098999999998,0.7765853280839895,28399.76,0.25459947506561686,10956.934,0.7124164304461942,21341.529,0.4398548818897638,26817.526,-0.2961279265091863,15871.534,-0.5834243044619423,18103.134000000002,0.5248521259842519
12101.0,300998517386,15433.333333333334,0.2753766906316283,13002.900000000001,0.07453103049334778,7395.5,0.38885216097843156,16457.767999999996,0.3600337162217995,11403.566,0.05763441037930744,15116.918,0.2492288240641269,11670.417,0.03558243120403277,14220.626999999999,0.17516130898272858,6354.0,-0.4749194281464342,18238.715,0.5072072555987108,15433.333333333334,0.2753766906316283
4500.0,310739234538,2298.315789473684,0.48926315789473684,9562.763,1.1250584444444447,3156.763,0.2984971111111111,2761.4028999999996,0.3863549111111112,9995.732999999998,1.2212739999999995,2673.7660000000005,0.4058297777777777,11913.538,1.647452888888889,2785.3019999999997,0.38104400000000005,3017.217,-0.3295073333333333,4495.313,-0.001041555555555533,2298.315789473684,0.48926315789473684
536.0,310756612357,1807.6039999999998,2.3723955223880595,1942.3580000000002,2.6238022388059705,1408.0490000000002,1.6269570895522392,1780.8209,2.322427052238806,3444.446999999999,5.426207089552237,1924.797,2.591039179104478,2645.09,3.934869402985075,1197.815,1.2347294776119404,1092.4189999999999,1.0380951492537311,1987.539,2.7080951492537313,1807.6039999999998,2.3723955223880595
14000.0,321220399684,3881.415348837209,0.722756046511628,9284.596000000001,0.33681457142857135,3258.341,0.7672613571428571,3693.8184999999994,0.7361558214285715,7295.277999999998,0.4789087142857144,3868.011,0.7237135,8388.528,0.40081942857142855,2770.477,0.8021087857142858,3553.5190000000002,-0.7461772142857143,5716.957,-0.5916459285714285,3881.415348837209,0.722756046511628
5000.0,321233565504,8559.8,0.7119599999999998,7869.007,0.5738013999999999,10520.6,1.10412,13698.209900000005,1.7396419800000011,8006.321999999998,0.6012643999999997,11672.967999999997,1.3345935999999994,7045.051999999999,0.4090103999999998,11664.907,1.3329813999999998,7214.464999999999,0.44289299999999987,16431.868,2.2863735999999997,10966.333333333334,1.1932666666666667
2950.0,321236252763,4963.475658153243,0.682534121407879,3733.514,0.26559796610169495,1800.4419999999998,0.3896806779661018,2520.6746000000003,0.145534033898305,3046.803,0.0328145762711864,2097.9260000000004,0.28883864406779647,3137.7,0.06362711864406774,2066.846,0.2993742372881356,2702.665,-0.08384237288135594,1851.114,-0.3725037288135593,4963.475658153243,0.682534121407879
4450.0,321246870889,5260.0,0.18202247191011237,5395.312,0.2124296629213483,2722.2,0.38826966292134835,4021.6712000000007,0.09625366292134817,6186.289,0.3901773033707865,3257.375,0.2680056179775281,6792.461,0.5263957303370788,3886.4120000000003,0.12664898876404487,2565.3,-0.4235280898876404,3051.5739999999996,-0.3142530337078653,5260.0,0.18202247191011237
3900.0,321248510741,3150.0,0.19230769230769232,5186.972,0.3299928205128205,7022.7,0.8006923076923076,4679.0276,0.19975066666666674,6767.8550000000005,0.735347435897436,5403.668,0.38555589743589735,6097.056000000001,0.5633476923076927,5817.634999999999,0.4917012820512819,6824.1,0.7497692307692309,3794.499,-0.027051538461538512,3150.0,0.19230769230769232
14850.0,321258039645,4355.901666666667,0.7066732884399551,7507.9800000000005,0.4944121212121212,7980.005999999999,0.46262585858585864,7234.9851,0.5127956161616162,9482.154,0.3614711111111111,7375.918,0.5033051851851852,10685.184000000001,0.2804589898989898,5920.013,0.601345925925926,6279.030000000001,-0.5771696969696969,7080.834,-0.5231761616161617,4355.901666666667,0.7066732884399551
9500.0,331019924760,9611.348571428573,0.011720902255639215,11422.497,0.20236810526315782,11024.277000000002,0.16045021052631597,10702.0609,0.12653272631578952,7148.919,0.2474822105263158,11820.022,0.24421284210526326,5185.328,0.45417599999999997,9846.754,0.03650042105263167,11052.816000000003,0.16345431578947395,6472.254999999999,-0.3187100000000001,9611.348571428573,0.011720902255639215
10100.0,331021972435,16875.0,0.6707920792079208,8030.832,0.20486811881188116,18241.3,0.806069306930693,22534.98,1.2311861386138614,9019.065,0.10702326732673262,20834.0,1.0627722772277228,9117.931999999999,0.09723445544554467,19052.673000000003,0.8864032673267329,48133.6,3.7657029702970295,20997.4,1.078950495049505,16875.0,0.6707920792079208
1125.01,331024055006,2415.0,1.1466475853547968,6614.995999999999,4.87994417827397,3630.0769999999998,2.2267064292761845,3646.6079,2.24140043199616,10003.994999999999,7.892360956791494,3665.861,2.2585141465409193,8686.085000000001,6.720895814259429,3617.5699999999997,2.2155891947627127,3258.173,1.8961280344174716,3543.308000000001,2.149579114852313,2415.0,1.1466475853547968
12600.0,331028343373,8158.332222222223,0.35251331569664895,5304.000999999999,0.5790475396825397,10881.019000000002,0.13642706349206332,12334.666799999999,0.02105819047619055,8684.369,0.31076436507936506,8875.977,0.2955573809523809,9551.84,0.2419174603174603,9908.583999999999,0.21360444444444454,6659.023999999999,-0.4715060317460318,14405.196000000002,0.14326952380952396,8158.332222222223,0.35251331569664895
16000.0,331043997571,35822.0,1.238875,13996.946,0.125190875,20692.5,0.29328125,24661.625400000008,0.5413515875000005,17720.138,0.10750862499999994,28629.767000000003,0.7893604375000002,20798.436999999998,0.2999023124999999,23352.837,0.45955231249999995,19775.303,0.2359564375,27808.220999999998,0.7380138124999999,35822.0,1.238875
5200.0,331069229453,7497.0,0.4417307692307692,13940.513,1.6808678846153848,15093.76,1.9026461538461539,6821.709899999998,0.3118672884615381,6969.276999999999,0.3402455769230768,6579.249000000001,0.26524019230769247,9314.020999999999,0.7911578846153844,9601.814,0.8465026923076924,15871.365999999998,2.052185769230769,6877.908,0.32267461538461545,7497.0,0.4417307692307692
6000.0,360764839436,10140.612222222224,0.6901020370370373,8472.912,0.412152,9799.692,0.6332819999999999,12746.503200000001,1.1244172000000001,11628.144999999999,0.9380241666666664,14418.490000000002,1.403081666666667,9546.722,0.5911203333333332,8926.712000000001,0.48778533333333357,14460.261999999999,1.4100436666666665,15135.209999999997,1.5225349999999995,11798.704714285715,0.9664507857142859
2435.0,370947651222,2985.9900000000002,0.22627926078028757,15283.929999999998,5.27676796714579,3070.5620000000004,0.26101108829568803,5980.195999999997,1.4559326488706354,5519.143,1.266588501026694,5979.205,1.4555256673511294,4939.458,1.0285248459958931,7822.148999999999,2.2123815195071868,2989.9579999999996,0.22790882956878836,6297.295,1.586158110882957,2985.9900000000002,0.22627926078028757
10099.0,380756568908,13363.57142857143,0.32325689955158227,19134.9,0.8947321516981881,31127.73900000001,2.0822595306465996,10279.0474,0.017828240419843495,9217.742999999999,0.087261808099812,31314.027000000002,2.100705713436974,9469.435000000001,0.062339340528765094,12820.047999999999,0.2694373700366372,11804.509,0.1688789979205862,12752.976,0.2627959203881573,15257.5,0.5107931478364195
910.0,390662504646,350.0,0.6153846153846154,3005.3750000000005,2.3026098901098906,165.098,0.8185736263736264,180.69929999999997,0.8014293406593407,1014.5470000000001,0.11488681318681333,154.453,0.8302714285714285,1262.1509999999998,0.38697912087912073,2277.9139999999998,1.5032021978021974,191.339,-0.7897373626373627,147.254,-0.8381824175824175,350.0,0.6153846153846154
